exit,Start Time,End Time
Abuse/Abuse001_x264.mp4,0:00:04,0:00:14
Abuse/Abuse001_x264.mp4,0:00:10,0:00:20
Abuse/Abuse001_x264.mp4,0:00:30,0:00:45
Abuse/Abuse001_x264.mp4,0:00:35,0:01:00
Abuse/Abuse001_x264.mp4,0:01:10,0:01:20
Abuse/Abuse001_x264.mp4,0:01:12,0:01:22
Abuse/Abuse002_x264.mp4,0:00:03,0:00:20
Abuse/Abuse003_x264.mp4,0:00:30,0:00:45
Abuse/Abuse003_x264.mp4,0:00:40,0:01:00
Abuse/Abuse003_x264.mp4,0:01:04,0:01:25
Abuse/Abuse003_x264.mp4,0:01:15,0:01:35
Abuse/Abuse003_x264.mp4,0:01:30,0:01:55
Abuse/Abuse004_x264.mp4,0:00:10,0:00:20
Abuse/Abuse004_x264.mp4,0:00:25,0:00:45
Abuse/Abuse004_x264.mp4,0:00:47,0:01:10
Abuse/Abuse004_x264.mp4,0:01:45,0:02:05
Abuse/Abuse004_x264.mp4,0:02:30,0:02:45
Abuse/Abuse004_x264.mp4,0:08:15,0:08:35
Abuse/Abuse005_x264.mp4,0:00:15,0:00:31
Abuse/Abuse006_x264.mp4,0:00:06,0:00:30
Abuse/Abuse006_x264.mp4,0:00:15,0:00:35
Abuse/Abuse006_x264.mp4,0:00:32,0:01:00
Abuse/Abuse006_x264.mp4,0:01:05,0:01:30
Abuse/Abuse006_x264.mp4,0:01:20,0:01:40
Abuse/Abuse006_x264.mp4,0:01:40,0:02:00
Abuse/Abuse006_x264.mp4,0:01:50,0:02:10
Abuse/Abuse006_x264.mp4,0:02:05,0:02:20
Abuse/Abuse007_x264.mp4,0:00:01,0:00:15
Abuse/Abuse007_x264.mp4,0:00:10,0:00:23
Abuse/Abuse008_x264.mp4,0:00:10,0:00:30
Abuse/Abuse008_x264.mp4,0:02:24,0:02:40
Abuse/Abuse008_x264.mp4,0:02:32,0:02:50
Abuse/Abuse009_x264.mp4,0:00:08,0:00:25
Abuse/Abuse010_x264.mp4,0:00:02,0:00:15
Abuse/Abuse010_x264.mp4,0:00:10,0:00:20
Abuse/Abuse011_x264.mp4,0:00:09,0:00:20
Abuse/Abuse011_x264.mp4,0:00:15,0:00:30
Abuse/Abuse011_x264.mp4,0:00:30,0:00:45
Abuse/Abuse011_x264.mp4,0:00:40,0:01:00
Abuse/Abuse011_x264.mp4,0:00:50,0:01:10
Abuse/Abuse011_x264.mp4,0:01:05,0:01:25
Abuse/Abuse011_x264.mp4,0:01:16,0:01:32
Abuse/Abuse011_x264.mp4,0:01:45,0:01:55
Abuse/Abuse012_x264.mp4,0:00:09,0:00:25
Abuse/Abuse012_x264.mp4,0:00:20,0:00:35
Abuse/Abuse012_x264.mp4,0:00:45,0:01:00
Abuse/Abuse012_x264.mp4,0:00:55,0:01:10
Abuse/Abuse012_x264.mp4,0:01:05,0:01:30
Abuse/Abuse012_x264.mp4,0:01:25,0:01:45
Abuse/Abuse012_x264.mp4,0:01:40,0:02:00
Abuse/Abuse012_x264.mp4,0:01:55,0:02:10
Abuse/Abuse012_x264.mp4,0:02:10,0:02:30
Abuse/Abuse012_x264.mp4,0:02:30,0:02:45
Abuse/Abuse012_x264.mp4,0:02:40,0:02:50
Abuse/Abuse013_x264.mp4,0:00:01,0:00:20
Abuse/Abuse013_x264.mp4,0:00:15,0:00:30
Abuse/Abuse013_x264.mp4,0:00:30,0:00:47
Abuse/Abuse013_x264.mp4,0:01:05,0:01:20
Abuse/Abuse013_x264.mp4,0:02:15,0:02:30
Abuse/Abuse013_x264.mp4,0:02:25,0:02:40
Abuse/Abuse014_x264.mp4,0:00:35,0:00:50
Abuse/Abuse015_x264.mp4,0:01:20,0:01:40
Abuse/Abuse015_x264.mp4,0:01:30,0:01:50
Abuse/Abuse015_x264.mp4,0:01:40,0:02:00
Abuse/Abuse015_x264.mp4,0:01:55,0:02:05
Abuse/Abuse015_x264.mp4,0:02:30,0:02:45
Abuse/Abuse015_x264.mp4,0:02:40,0:02:55
Abuse/Abuse015_x264.mp4,0:02:50,0:03:10
Abuse/Abuse015_x264.mp4,0:03:05,0:03:20
Abuse/Abuse015_x264.mp4,0:03:15,0:03:30
Abuse/Abuse015_x264.mp4,0:03:30,0:03:45
Abuse/Abuse015_x264.mp4,0:03:40,0:03:55
Abuse/Abuse015_x264.mp4,0:03:50,0:04:05
Abuse/Abuse015_x264.mp4,0:04:00,0:04:15
Abuse/Abuse016_x264.mp4,0:00:05,0:00:20
Abuse/Abuse016_x264.mp4,0:00:20,0:00:35
Abuse/Abuse016_x264.mp4,0:00:30,0:00:45
Abuse/Abuse017_x264.mp4,0:00:02,0:00:20
Abuse/Abuse017_x264.mp4,0:00:15,0:00:30
Abuse/Abuse017_x264.mp4,0:00:25,0:00:40
Abuse/Abuse017_x264.mp4,0:00:40,0:01:00
Abuse/Abuse018_x264.mp4,0:00:40,0:00:50
Abuse/Abuse018_x264.mp4,0:00:45,0:01:00
Abuse/Abuse018_x264.mp4,0:00:55,0:01:05
Abuse/Abuse018_x264.mp4,0:01:00,0:01:20
Abuse/Abuse019_x264.mp4,0:00:01,0:00:20
Abuse/Abuse019_x264.mp4,0:00:10,0:00:25
Abuse/Abuse019_x264.mp4,0:00:20,0:00:35
Abuse/Abuse019_x264.mp4,0:00:30,0:00:45
Abuse/Abuse019_x264.mp4,0:00:40,0:00:55
Abuse/Abuse019_x264.mp4,0:00:55,0:01:15
Abuse/Abuse019_x264.mp4,0:01:10,0:01:25
Abuse/Abuse019_x264.mp4,0:01:20,0:01:40
Abuse/Abuse019_x264.mp4,0:01:30,0:01:45
Abuse/Abuse019_x264.mp4,0:01:45,0:02:05
Abuse/Abuse020_x264.mp4,0:00:01,0:00:15
Abuse/Abuse020_x264.mp4,0:00:10,0:00:20
Abuse/Abuse020_x264.mp4,0:00:50,0:01:05
Abuse/Abuse020_x264.mp4,0:01:00,0:01:15
Abuse/Abuse020_x264.mp4,0:01:25,0:01:40
Abuse/Abuse021_x264.mp4,0:00:01,0:00:15
Abuse/Abuse021_x264.mp4,0:00:10,0:00:30
Abuse/Abuse021_x264.mp4,0:00:40,0:00:55
Abuse/Abuse022_x264.mp4,0:00:03,0:00:20
Abuse/Abuse022_x264.mp4,0:00:15,0:00:30
Abuse/Abuse022_x264.mp4,0:00:30,0:00:50
Abuse/Abuse022_x264.mp4,0:00:50,0:01:05
Abuse/Abuse022_x264.mp4,0:01:15,0:01:25
Abuse/Abuse023_x264.mp4,0:00:00,0:00:15
Abuse/Abuse023_x264.mp4,0:00:10,0:00:20
Abuse/Abuse023_x264.mp4,0:00:20,0:00:30
Abuse/Abuse024_x264.mp4,0:00:05,0:00:15
Abuse/Abuse024_x264.mp4,0:00:10,0:00:20
Abuse/Abuse024_x264.mp4,0:00:20,0:00:33
Abuse/Abuse025_x264.mp4,0:00:02,0:00:15
Abuse/Abuse025_x264.mp4,0:00:10,0:00:20
Abuse/Abuse025_x264.mp4,0:00:20,0:00:35
Abuse/Abuse025_x264.mp4,0:00:35,0:00:50
Abuse/Abuse025_x264.mp4,0:00:50,0:01:05
Abuse/Abuse026_x264.mp4,0:00:01,0:00:15
Abuse/Abuse026_x264.mp4,0:00:10,0:00:25
Abuse/Abuse026_x264.mp4,0:00:20,0:00:35
Abuse/Abuse026_x264.mp4,0:00:35,0:00:50
Abuse/Abuse026_x264.mp4,0:00:50,0:01:00
Abuse/Abuse027_x264.mp4,0:00:10,0:00:25
Abuse/Abuse027_x264.mp4,0:00:35,0:00:45
Abuse/Abuse027_x264.mp4,0:00:55,0:01:10
Abuse/Abuse027_x264.mp4,0:01:10,0:01:25
Abuse/Abuse027_x264.mp4,0:01:25,0:01:40
Abuse/Abuse027_x264.mp4,0:01:45,0:02:00
Abuse/Abuse027_x264.mp4,0:02:05,0:02:15
Abuse/Abuse028_x264.mp4,0:00:03,0:00:13
Abuse/Abuse029_x264.mp4,0:00:00,0:00:10
Abuse/Abuse030_x264.mp4,0:00:25,0:00:35
Abuse/Abuse030_x264.mp4,0:00:40,0:00:50
Abuse/Abuse031_x264.mp4,0:00:05,0:00:20
Abuse/Abuse031_x264.mp4,0:00:20,0:00:35
Abuse/Abuse031_x264.mp4,0:00:50,0:01:05
Abuse/Abuse031_x264.mp4,0:01:00,0:01:17
Abuse/Abuse031_x264.mp4,0:01:30,0:01:45
Abuse/Abuse031_x264.mp4,0:01:57,0:02:10
Abuse/Abuse031_x264.mp4,0:02:10,0:02:25
Abuse/Abuse032_x264.mp4,0:00:20,0:00:35
Abuse/Abuse032_x264.mp4,0:00:49,0:01:01
Abuse/Abuse032_x264.mp4,0:01:00,0:01:15
Abuse/Abuse032_x264.mp4,0:02:25,0:02:35
Abuse/Abuse033_x264.mp4,0:00:02,0:00:20
Abuse/Abuse033_x264.mp4,0:00:25,0:00:40
Abuse/Abuse033_x264.mp4,0:00:40,0:01:00
Abuse/Abuse033_x264.mp4,0:00:55,0:01:10
Abuse/Abuse033_x264.mp4,0:01:05,0:01:25
Abuse/Abuse034_x264.mp4,0:00:05,0:00:20
Abuse/Abuse034_x264.mp4,0:00:10,0:00:25
Abuse/Abuse034_x264.mp4,0:00:25,0:00:35
Abuse/Abuse035_x264.mp4,0:00:10,0:00:25
Abuse/Abuse035_x264.mp4,0:00:20,0:00:40
Abuse/Abuse035_x264.mp4,0:00:35,0:00:50
Abuse/Abuse035_x264.mp4,0:01:00,0:01:15
Abuse/Abuse035_x264.mp4,0:01:10,0:01:25
Abuse/Abuse036_x264.mp4,0:00:10,0:00:22
Abuse/Abuse036_x264.mp4,0:00:20,0:00:35
Abuse/Abuse036_x264.mp4,0:00:35,0:00:50
Abuse/Abuse036_x264.mp4,0:01:00,0:01:15
Abuse/Abuse036_x264.mp4,0:01:20,0:01:35
Abuse/Abuse036_x264.mp4,0:01:40,0:01:55
Abuse/Abuse036_x264.mp4,0:02:05,0:02:20
Abuse/Abuse037_x264.mp4,0:00:05,0:00:25
Abuse/Abuse037_x264.mp4,0:00:15,0:00:30
Abuse/Abuse037_x264.mp4,0:00:35,0:00:50
Abuse/Abuse038_x264.mp4,0:00:05,0:00:20
Abuse/Abuse039_x264.mp4,0:03:20,0:03:40
Abuse/Abuse039_x264.mp4,0:03:55,0:04:15
Abuse/Abuse039_x264.mp4,0:04:20,0:04:35
Abuse/Abuse039_x264.mp4,0:04:40,0:04:55
Abuse/Abuse039_x264.mp4,0:04:50,0:05:10
Abuse/Abuse039_x264.mp4,0:05:15,0:05:30
Abuse/Abuse039_x264.mp4,0:06:15,0:06:30
Abuse/Abuse039_x264.mp4,0:06:30,0:06:50
Abuse/Abuse039_x264.mp4,0:06:50,0:07:05
Abuse/Abuse039_x264.mp4,0:07:05,0:07:20
Abuse/Abuse039_x264.mp4,0:07:20,0:07:35
Abuse/Abuse039_x264.mp4,0:07:35,0:07:49
Abuse/Abuse040_x264.mp4,0:00:30,0:00:45
Abuse/Abuse040_x264.mp4,0:00:40,0:00:55
Abuse/Abuse040_x264.mp4,0:00:50,0:01:05
Abuse/Abuse040_x264.mp4,0:01:20,0:01:33
Abuse/Abuse040_x264.mp4,0:01:35,0:01:45
Abuse/Abuse041_x264.mp4,0:00:02,0:00:20
Abuse/Abuse041_x264.mp4,0:00:20,0:00:35
Abuse/Abuse042_x264.mp4,0:03:35,0:03:50
Abuse/Abuse042_x264.mp4,0:03:45,0:04:00
Abuse/Abuse042_x264.mp4,0:04:01,0:04:10
Abuse/Abuse042_x264.mp4,0:04:15,0:04:30
Abuse/Abuse042_x264.mp4,0:04:26,0:04:40
Abuse/Abuse042_x264.mp4,0:04:37,0:04:55
Abuse/Abuse042_x264.mp4,0:04:56,0:05:10
Abuse/Abuse042_x264.mp4,0:05:11,0:05:25
Abuse/Abuse042_x264.mp4,0:05:22,0:05:40
Abuse/Abuse042_x264.mp4,0:05:41,0:06:00
Abuse/Abuse042_x264.mp4,0:06:05,0:06:25
Abuse/Abuse042_x264.mp4,0:06:37,0:06:57
Abuse/Abuse042_x264.mp4,0:07:15,0:07:30
Abuse/Abuse042_x264.mp4,0:08:00,0:08:20
Abuse/Abuse042_x264.mp4,0:09:30,0:09:45
Abuse/Abuse042_x264.mp4,0:09:40,0:09:55
Abuse/Abuse042_x264.mp4,0:11:05,0:11:25
Abuse/Abuse042_x264.mp4,0:11:43,0:12:00
Abuse/Abuse042_x264.mp4,0:13:19,0:13:29
Abuse/Abuse042_x264.mp4,0:13:57,0:14:10
Abuse/Abuse043_x264.mp4,0:00:00,0:00:15
Abuse/Abuse043_x264.mp4,0:00:10,0:00:25
Abuse/Abuse043_x264.mp4,0:00:20,0:00:35
Abuse/Abuse043_x264.mp4,0:00:30,0:00:45
Abuse/Abuse043_x264.mp4,0:00:40,0:00:55
Abuse/Abuse043_x264.mp4,0:00:53,0:01:10
Abuse/Abuse043_x264.mp4,0:01:10,0:01:25
Abuse/Abuse043_x264.mp4,0:01:22,0:01:40
Abuse/Abuse043_x264.mp4,0:01:38,0:01:55
Abuse/Abuse043_x264.mp4,0:01:55,0:02:06
Abuse/Abuse044_x264.mp4,0:00:01,0:00:17
Abuse/Abuse044_x264.mp4,0:00:15,0:00:30
Abuse/Abuse044_x264.mp4,0:00:30,0:00:45
Abuse/Abuse044_x264.mp4,0:00:40,0:01:00
Abuse/Abuse044_x264.mp4,0:00:57,0:01:15
Abuse/Abuse044_x264.mp4,0:01:15,0:01:30
Abuse/Abuse044_x264.mp4,0:01:30,0:01:45
Abuse/Abuse044_x264.mp4,0:01:40,0:01:55
Abuse/Abuse044_x264.mp4,0:01:50,0:02:05
Abuse/Abuse045_x264.mp4,0:00:00,0:00:15
Abuse/Abuse045_x264.mp4,0:00:10,0:00:25
Abuse/Abuse045_x264.mp4,0:00:20,0:00:40
Abuse/Abuse045_x264.mp4,0:00:40,0:00:50
Abuse/Abuse045_x264.mp4,0:00:50,0:01:00
Abuse/Abuse045_x264.mp4,0:01:05,0:01:25
Abuse/Abuse045_x264.mp4,0:01:20,0:01:30
Abuse/Abuse045_x264.mp4,0:02:05,0:02:20
Abuse/Abuse045_x264.mp4,0:02:15,0:02:30
Abuse/Abuse045_x264.mp4,0:02:30,0:02:45
Abuse/Abuse046_x264.mp4,0:00:03,0:00:20
Abuse/Abuse046_x264.mp4,0:00:20,0:00:36
Abuse/Abuse047_x264.mp4,0:00:00,0:00:15
Abuse/Abuse047_x264.mp4,0:00:12,0:00:30
Abuse/Abuse047_x264.mp4,0:00:27,0:00:42
Abuse/Abuse047_x264.mp4,0:00:40,0:00:50
Abuse/Abuse048_x264.mp4,0:00:00,0:00:15
Abuse/Abuse048_x264.mp4,0:00:10,0:00:25
Abuse/Abuse048_x264.mp4,0:00:20,0:00:35
Abuse/Abuse048_x264.mp4,0:00:30,0:00:45
Abuse/Abuse048_x264.mp4,0:00:40,0:00:55
Abuse/Abuse048_x264.mp4,0:00:50,0:01:05
Abuse/Abuse048_x264.mp4,0:01:00,0:01:15
Abuse/Abuse048_x264.mp4,0:01:10,0:01:25
Abuse/Abuse048_x264.mp4,0:01:20,0:01:35
Abuse/Abuse048_x264.mp4,0:01:30,0:01:45
Abuse/Abuse049_x264.mp4,0:00:04,0:00:19
Abuse/Abuse049_x264.mp4,0:00:14,0:00:29
Abuse/Abuse049_x264.mp4,0:00:24,0:00:39
Abuse/Abuse049_x264.mp4,0:00:34,0:00:49
Abuse/Abuse049_x264.mp4,0:00:44,0:00:59
Abuse/Abuse049_x264.mp4,0:00:54,0:01:09
Abuse/Abuse050_x264.mp4,0:00:00,0:00:20
Abuse/Abuse050_x264.mp4,0:00:15,0:00:25
Abuse/Abuse050_x264.mp4,0:00:45,0:01:00
Abuse/Abuse050_x264.mp4,0:01:00,0:01:15
Abuse/Abuse050_x264.mp4,0:01:15,0:01:30
Abuse/Abuse050_x264.mp4,0:01:30,0:01:45
Abuse/Abuse050_x264.mp4,0:01:45,0:02:05
Abuse/Abuse050_x264.mp4,0:02:05,0:02:20
Abuse/Abuse050_x264.mp4,0:02:20,0:02:35
Arrest/Arrest001_x264.mp4,0:00:15,0:00:30
Arrest/Arrest001_x264.mp4,0:00:25,0:00:40
Arrest/Arrest002_x264.mp4,0:00:00,0:00:15
Arrest/Arrest002_x264.mp4,0:00:20,0:00:35
Arrest/Arrest002_x264.mp4,0:00:30,0:00:56
Arrest/Arrest003_x264.mp4,0:00:15,0:01:40
Arrest/Arrest004_x264.mp4,0:00:30,0:01:55
Arrest/Arrest005_x264.mp4,0:00:00,0:01:40
Arrest/Arrest006_x264.mp4,0:00:25,0:01:40
Arrest/Arrest007_x264.mp4,0:00:45,0:01:33
Arrest/Arrest008_x264.mp4,0:02:00,0:03:13
Arrest/Arrest009_x264.mp4,0:00:20,0:00:55
Arrest/Arrest010_x264.mp4,0:00:30,0:01:15
Arrest/Arrest011_x264.mp4,0:00:10,0:01:10
Arrest/Arrest012_x264.mp4,0:00:20,0:01:20
Arrest/Arrest012_x264.mp4,0:02:00,0:03:30
Arrest/Arrest012_x264.mp4,0:04:00,0:05:30
Arrest/Arrest012_x264.mp4,0:06:00,0:07:30
Arrest/Arrest012_x264.mp4,0:08:00,0:08:55
Arrest/Arrest013_x264.mp4,0:00:00,0:00:30
Arrest/Arrest014_x264.mp4,0:00:15,0:00:50
Arrest/Arrest015_x264.mp4,0:00:04,0:00:26
Arrest/Arrest016_x264.mp4,0:00:00,0:01:00
Arrest/Arrest016_x264.mp4,0:01:10,0:02:30
Arrest/Arrest016_x264.mp4,0:03:00,0:04:00
Arrest/Arrest016_x264.mp4,0:04:00,0:05:00
Arrest/Arrest016_x264.mp4,0:05:00,0:05:50
Arrest/Arrest017_x264.mp4,0:00:35,0:01:45
Arrest/Arrest018_x264.mp4,0:00:00,0:01:15
Arrest/Arrest019_x264.mp4,0:00:00,0:00:40
Arrest/Arrest020_x264.mp4,0:00:00,0:01:35
Arrest/Arrest021_x264.mp4,0:00:20,0:04:35
Arrest/Arrest022_x264.mp4,0:00:10,0:00:52
Arrest/Arrest023_x264.mp4,0:00:00,0:00:59
Arrest/Arrest024_x264.mp4,0:00:10,0:01:59
Arrest/Arrest025_x264.mp4,0:00:00,0:00:33
Arrest/Arrest026_x264.mp4,0:00:00,0:03:31
Arrest/Arrest027_x264.mp4,0:00:00,0:00:55
Arrest/Arrest028_x264.mp4,0:00:00,0:01:20
Arrest/Arrest029_x264.mp4,0:00:10,0:04:10
Arrest/Arrest030_x264.mp4,0:02:58,0:04:45
Arrest/Arrest031_x264.mp4,0:00:25,0:01:00
Arrest/Arrest032_x264.mp4,0:00:05,0:00:37
Arrest/Arrest033_x264.mp4,0:00:00,0:01:35
Arrest/Arrest033_x264.mp4,0:02:20,0:03:55
Arrest/Arrest034_x264.mp4,0:00:50,0:06:00
Arrest/Arrest035_x264.mp4,0:02:07,0:03:24
Arrest/Arrest036_x264.mp4,0:00:15,0:02:01
Arrest/Arrest037_x264.mp4,0:00:07,0:01:10
Arrest/Arrest038_x264.mp4,0:00:00,0:01:11
Arrest/Arrest039_x264.mp4,0:03:57,0:08:42
Arrest/Arrest040_x264.mp4,0:00:10,0:00:57
Arrest/Arrest041_x264.mp4,0:00:15,0:02:04
Arrest/Arrest042_x264.mp4,0:00:05,0:00:50
Arrest/Arrest043_x264.mp4,0:00:55,0:05:52
Arrest/Arrest044_x264.mp4,0:00:20,0:01:51
Arrest/Arrest046_x264.mp4,0:00:05,0:04:17
Arrest/Arrest047_x264.mp4,0:02:00,0:11:00
Arrest/Arrest047_x264.mp4,0:17:30,0:30:30
Arrest/Arrest048_x264.mp4,0:00:00,0:02:14
Arrest/Arrest049_x264.mp4,0:00:30,0:05:54
Arrest/Arrest050_x264.mp4,0:00:26,0:03:52
Arrest/Arrest051_x264.mp4,0:01:25,0:05:56
Arson/Arson001_x264.mp4,0:00:36,0:01:57
Arson/Arson002_x264.mp4,0:00:10,0:02:20
Arson/Arson003_x264.mp4,0:00:02,0:02:11
Arson/Arson005_x264.mp4,0:00:00,0:00:37
Arson/Arson006_x264.mp4,0:00:06,0:01:25
Arson/Arson007_x264.mp4,0:00:12,0:03:20
Arson/Arson008_x264.mp4,0:00:00,0:00:35
Arson/Arson009_x264.mp4,0:00:00,0:00:22
Arson/Arson010_x264.mp4,0:00:07,0:01:33
Arson/Arson011_x264.mp4,0:00:00,0:00:40
Arson/Arson012_x264.mp4,0:00:01,0:00:28
Arson/Arson013_x264.mp4,0:01:54,0:03:30
Arson/Arson014_x264.mp4,0:00:16,0:01:25
Arson/Arson015_x264.mp4,0:00:23,0:05:37
Arson/Arson016_x264.mp4,0:00:05,0:00:59
Arson/Arson017_x264.mp4,0:00:05,0:00:37
Arson/Arson018_x264.mp4,0:00:00,0:00:23
Arson/Arson019_x264.mp4,0:07:00,0:20:23
Arson/Arson020_x264.mp4,0:00:08,0:01:18
Arson/Arson021_x264.mp4,0:00:05,0:00:47
Arson/Arson022_x264.mp4,0:00:14,0:04:45
Arson/Arson023_x264.mp4,0:00:00,0:00:44
Arson/Arson024_x264.mp4,0:00:30,0:01:50
Arson/Arson025_x264.mp4,0:00:00,0:02:12
Arson/Arson026_x264.mp4,0:00:25,0:03:12
Arson/Arson027_x264.mp4,0:00:00,0:01:29
Arson/Arson028_x264.mp4,0:00:25,0:01:19
Arson/Arson029_x264.mp4,0:00:20,0:00:43
Arson/Arson030_x264.mp4,0:00:08,0:02:45
Arson/Arson031_x264.mp4,0:00:17,0:01:27
Arson/Arson032_x264.mp4,0:00:02,0:00:34
Arson/Arson032_x264.mp4,0:00:43,0:01:26
Arson/Arson034_x264.mp4,0:00:23,0:01:15
Arson/Arson035_x264.mp4,0:00:10,0:00:42
Arson/Arson036_x264.mp4,0:00:06,0:00:54
Arson/Arson037_x264.mp4,0:00:06,0:00:25
Arson/Arson038_x264.mp4,0:00:00,0:00:22
Arson/Arson039_x264.mp4,0:00:03,0:00:30
Arson/Arson039_x264.mp4,0:01:16,0:01:45
Arson/Arson040_x264.mp4,0:00:03,0:00:25
Arson/Arson040_x264.mp4,0:00:32,0:01:32
Arson/Arson041_x264.mp4,0:01:06,0:01:58
Arson/Arson042_x264.mp4,0:02:09,0:03:06
Arson/Arson044_x264.mp4,0:00:00,0:00:38
Arson/Arson045_x264.mp4,0:00:15,0:02:02
Arson/Arson046_x264.mp4,0:00:15,0:01:07
Arson/Arson047_x264.mp4,0:00:10,0:00:45
Arson/Arson048_x264.mp4,0:00:00,0:00:13
Arson/Arson049_x264.mp4,0:00:00,0:00:12
Arson/Arson050_x264.mp4,0:00:15,0:00:50
Arson/Arson051_x264.mp4,0:00:05,0:00:33
Arson/Arson052_x264.mp4,0:00:25,0:00:50
Arson/Arson053_x264.mp4,0:00:20,0:03:40
Assault/Assault001_x264.mp4,0:00:04,0:00:34
Assault/Assault002_x264.mp4,0:00:01,0:01:10
Assault/Assault003_x264.mp4,0:00:10,0:01:30
Assault/Assault004_x264.mp4,0:00:20,0:01:40
Assault/Assault005_x264.mp4,0:00:10,0:00:40
Assault/Assault006_x264.mp4,0:00:40,0:04:25
Assault/Assault007_x264.mp4,0:00:10,0:01:00
Assault/Assault008_x264.mp4,0:00:10,0:03:56
Assault/Assault009_x264.mp4,0:00:10,0:01:40
Assault/Assault010_x264.mp4,0:01:55,0:07:00
Assault/Assault011_x264.mp4,0:00:10,0:01:00
Assault/Assault012_x264.mp4,0:00:00,0:00:26
Assault/Assault013_x264.mp4,0:00:10,0:00:40
Assault/Assault014_x264.mp4,0:00:00,0:00:30
Assault/Assault015_x264.mp4,0:00:10,0:00:45
Assault/Assault016_x264.mp4,0:00:10,0:01:55
Assault/Assault017_x264.mp4,0:00:10,0:00:45
Assault/Assault018_x264.mp4,0:00:00,0:00:12
Assault/Assault019_x264.mp4,0:00:12,0:01:00
Assault/Assault020_x264.mp4,0:00:00,0:00:15
Assault/Assault022_x264.mp4,0:00:00,0:01:10
Assault/Assault023_x264.mp4,0:00:09,0:00:30
Assault/Assault024_x264.mp4,0:00:00,0:00:14
Assault/Assault025_x264.mp4,0:00:05,0:00:30
Assault/Assault026_x264.mp4,0:00:05,0:00:28
Assault/Assault027_x264.mp4,0:01:00,0:02:55
Assault/Assault028_x264.mp4,0:00:15,0:00:45
Assault/Assault029_x264.mp4,0:00:00,0:00:20
Assault/Assault030_x264.mp4,0:00:20,0:00:50
Assault/Assault031_x264.mp4,0:00:04,0:00:20
Assault/Assault032_x264.mp4,0:00:00,0:00:17
Assault/Assault033_x264.mp4,0:00:10,0:00:40
Assault/Assault034_x264.mp4,0:00:49,0:01:16
Assault/Assault035_x264.mp4,0:00:00,0:00:27
Assault/Assault036_x264.mp4,0:00:00,0:00:30
Assault/Assault037_x264.mp4,0:00:10,0:00:45
Assault/Assault038_x264.mp4,0:00:00,0:00:04
Assault/Assault039_x264.mp4,0:00:00,0:00:09
Assault/Assault040_x264.mp4,0:00:20,0:01:20
Assault/Assault041_x264.mp4,0:00:10,0:02:45
Assault/Assault042_x264.mp4,0:00:00,0:02:00
Assault/Assault044_x264.mp4,0:00:00,0:00:25
Assault/Assault045_x264.mp4,0:00:00,0:00:20
Assault/Assault046_x264.mp4,0:00:00,0:00:30
Assault/Assault047_x264.mp4,0:00:00,0:01:00
Assault/Assault048_x264.mp4,0:00:05,0:00:55
Assault/Assault049_x264.mp4,0:00:10,0:00:35
Assault/Assault050_x264.mp4,0:00:00,0:00:19
Assault/Assault051_x264.mp4,0:00:00,0:00:20
Assault/Assault052_x264.mp4,0:00:05,0:00:25
Burglary/Burglary001_x264.mp4,0:00:28,0:01:20
Burglary/Burglary002_x264.mp4,0:00:10,0:01:30
Burglary/Burglary003_x264.mp4,0:00:01,0:00:30
Burglary/Burglary004_x264.mp4,0:00:03,0:00:54
Burglary/Burglary005_x264.mp4,0:02:35,0:03:04
Burglary/Burglary006_x264.mp4,0:03:31,0:04:10
Burglary/Burglary007_x264.mp4,0:00:10,0:00:36
Burglary/Burglary008_x264.mp4,0:00:10,0:01:22
Burglary/Burglary009_x264.mp4,0:00:25,0:01:10
Burglary/Burglary010_x264.mp4,0:01:35,0:03:00
Burglary/Burglary011_x264.mp4,0:00:01,0:00:40
Burglary/Burglary012_x264.mp4,0:00:00,0:00:56
Burglary/Burglary013_x264.mp4,0:00:06,0:01:04
Burglary/Burglary014_x264.mp4,0:00:00,0:01:20
Burglary/Burglary015_x264.mp4,0:00:05,0:00:30
Burglary/Burglary016_x264.mp4,0:00:25,0:02:00
Burglary/Burglary017_x264.mp4,0:00:05,0:00:25
Burglary/Burglary018_x264.mp4,0:00:10,0:00:35
Burglary/Burglary019_x264.mp4,0:00:00,0:01:36
Burglary/Burglary020_x264.mp4,0:00:15,0:01:20
Burglary/Burglary021_x264.mp4,0:00:00,0:00:44
Burglary/Burglary022_x264.mp4,0:00:08,0:01:10
Burglary/Burglary023_x264.mp4,0:00:45,0:02:00
Burglary/Burglary024_x264.mp4,0:00:03,0:00:43
Burglary/Burglary025_x264.mp4,0:00:03,0:02:00
Burglary/Burglary026_x264.mp4,0:00:08,0:00:45
Burglary/Burglary027_x264.mp4,0:00:01,0:00:40
Burglary/Burglary028_x264.mp4,0:00:03,0:00:28
Burglary/Burglary029_x264.mp4,0:00:08,0:02:00
Burglary/Burglary030_x264.mp4,0:00:10,0:00:30
Burglary/Burglary031_x264.mp4,0:01:01,0:03:10
Burglary/Burglary032_x264.mp4,0:00:50,0:01:50
Burglary/Burglary033_x264.mp4,0:00:01,0:00:10
Burglary/Burglary034_x264.mp4,0:00:01,0:00:30
Burglary/Burglary035_x264.mp4,0:00:05,0:00:50
Burglary/Burglary036_x264.mp4,0:00:01,0:00:30
Burglary/Burglary037_x264.mp4,0:00:10,0:01:00
Burglary/Burglary038_x264.mp4,0:00:00,0:00:15
Burglary/Burglary039_x264.mp4,0:03:00,0:04:30
Burglary/Burglary040_x264.mp4,0:01:01,0:01:30
Burglary/Burglary041_x264.mp4,0:00:05,0:00:30
Burglary/Burglary042_x264.mp4,0:00:05,0:01:00
Burglary/Burglary043_x264.mp4,0:00:09,0:00:17
Burglary/Burglary044_x264.mp4,0:00:10,0:01:50
Burglary/Burglary045_x264.mp4,0:00:35,0:02:00
Burglary/Burglary046_x264.mp4,0:00:10,0:01:00
Burglary/Burglary047_x264.mp4,0:00:09,0:01:10
Burglary/Burglary048_x264.mp4,0:00:05,0:00:50
Burglary/Burglary049_x264.mp4,0:00:01,0:01:00
Burglary/Burglary050_x264.mp4,0:00:02,0:00:32
Burglary/Burglary051_x264.mp4,0:00:00,0:00:10
Burglary/Burglary052_x264.mp4,0:00:40,0:00:50
Burglary/Burglary053_x264.mp4,0:01:30,0:01:40
Burglary/Burglary054_x264.mp4,0:00:01,0:00:10
Burglary/Burglary055_x264.mp4,0:00:35,0:00:55
Burglary/Burglary056_x264.mp4,0:00:01,0:00:35
Burglary/Burglary057_x264.mp4,0:00:05,0:01:10
Burglary/Burglary058_x264.mp4,0:01:00,0:02:00
Burglary/Burglary059_x264.mp4,0:00:05,0:00:15
Burglary/Burglary060_x264.mp4,0:00:03,0:00:23
Burglary/Burglary061_x264.mp4,0:02:13,0:03:10
Burglary/Burglary062_x264.mp4,0:01:20,0:02:00
Burglary/Burglary063_x264.mp4,0:00:15,0:00:35
Burglary/Burglary064_x264.mp4,0:00:01,0:00:30
Burglary/Burglary065_x264.mp4,0:01:22,0:02:22
Burglary/Burglary066_x264.mp4,0:00:05,0:00:35
Burglary/Burglary067_x264.mp4,0:00:01,0:00:20
Burglary/Burglary068_x264.mp4,0:00:05,0:00:20
Burglary/Burglary069_x264.mp4,0:00:05,0:00:35
Burglary/Burglary070_x264.mp4,0:00:05,0:00:25
Burglary/Burglary071_x264.mp4,0:00:05,0:01:10
Burglary/Burglary072_x264.mp4,0:00:05,0:00:25
Burglary/Burglary073_x264.mp4,0:00:10,0:00:30
Burglary/Burglary074_x264.mp4,0:00:02,0:01:10
Burglary/Burglary075_x264.mp4,0:02:05,0:02:15
Burglary/Burglary076_x264.mp4,0:00:50,0:01:10
Burglary/Burglary077_x264.mp4,0:00:05,0:01:05
Burglary/Burglary078_x264.mp4,0:00:00,0:00:10
Burglary/Burglary079_x264.mp4,0:04:25,0:04:50
Burglary/Burglary080_x264.mp4,0:00:05,0:00:35
Burglary/Burglary081_x264.mp4,0:00:07,0:00:13
Burglary/Burglary082_x264.mp4,0:00:30,0:00:40
Burglary/Burglary083_x264.mp4,0:01:10,0:01:30
Burglary/Burglary084_x264.mp4,0:00:15,0:00:45
Burglary/Burglary085_x264.mp4,0:00:30,0:00:40
Burglary/Burglary086_x264.mp4,0:00:05,0:00:35
Burglary/Burglary087_x264.mp4,0:00:00,0:00:40
Burglary/Burglary088_x264.mp4,0:00:05,0:00:30
Burglary/Burglary089_x264.mp4,0:00:01,0:01:40
Burglary/Burglary090_x264.mp4,0:00:15,0:00:45
Burglary/Burglary091_x264.mp4,0:00:05,0:00:35
Burglary/Burglary092_x264.mp4,0:00:09,0:00:13
Burglary/Burglary093_x264.mp4,0:00:15,0:00:25
Burglary/Burglary094_x264.mp4,0:00:10,0:00:50
Burglary/Burglary095_x264.mp4,0:01:30,0:02:10
Burglary/Burglary096_x264.mp4,0:00:20,0:01:00
Burglary/Burglary097_x264.mp4,0:00:00,0:00:09
Burglary/Burglary098_x264.mp4,0:00:00,0:00:10
Burglary/Burglary099_x264.mp4,0:00:00,0:00:40
Burglary/Burglary100_x264.mp4,0:01:00,0:02:00
Explosion/Explosion001_x264.mp4,0:00:04,0:00:13
Explosion/Explosion002_x264.mp4,0:00:45,0:01:40
Explosion/Explosion003_x264.mp4,0:00:00,0:00:15
Explosion/Explosion004_x264.mp4,0:00:00,0:00:25
Explosion/Explosion005_x264.mp4,0:00:00,0:00:23
Explosion/Explosion006_x264.mp4,0:00:00,0:00:50
Explosion/Explosion007_x264.mp4,0:00:45,0:04:00
Explosion/Explosion008_x264.mp4,0:00:25,0:00:55
Explosion/Explosion009_x264.mp4,0:00:00,0:00:35
Explosion/Explosion010_x264.mp4,0:00:04,0:01:08
Explosion/Explosion011_x264.mp4,0:00:20,0:00:40
Explosion/Explosion012_x264.mp4,0:00:00,0:00:23
Explosion/Explosion013_x264.mp4,0:01:19,0:01:48
Explosion/Explosion014_x264.mp4,0:00:07,0:00:39
Explosion/Explosion015_x264.mp4,0:00:00,0:00:19
Explosion/Explosion016_x264.mp4,0:00:01,0:00:25
Explosion/Explosion017_x264.mp4,0:00:27,0:00:47
Explosion/Explosion018_x264.mp4,0:00:00,0:00:35
Explosion/Explosion019_x264.mp4,0:00:00,0:00:12
Explosion/Explosion020_x264.mp4,0:00:00,0:00:30
Explosion/Explosion021_x264.mp4,0:00:01,0:00:23
Explosion/Explosion022_x264.mp4,0:01:05,0:01:25
Explosion/Explosion023_x264.mp4,0:00:10,0:01:15
Explosion/Explosion024_x264.mp4,0:00:20,0:00:40
Explosion/Explosion025_x264.mp4,0:00:05,0:00:13
Explosion/Explosion026_x264.mp4,0:00:00,0:01:23
Explosion/Explosion027_x264.mp4,0:00:00,0:00:15
Explosion/Explosion028_x264.mp4,0:00:00,0:00:42
Explosion/Explosion029_x264.mp4,0:00:50,0:01:10
Explosion/Explosion030_x264.mp4,0:00:12,0:01:45
Explosion/Explosion032_x264.mp4,0:00:00,0:01:08
Explosion/Explosion033_x264.mp4,0:00:25,0:01:44
Explosion/Explosion034_x264.mp4,0:00:00,0:00:13
Explosion/Explosion035_x264.mp4,0:00:02,0:00:40
Explosion/Explosion036_x264.mp4,0:01:00,0:01:40
Explosion/Explosion037_x264.mp4,0:00:00,0:00:29
Explosion/Explosion038_x264.mp4,0:00:00,0:01:18
Explosion/Explosion039_x264.mp4,0:00:02,0:00:30
Explosion/Explosion040_x264.mp4,0:00:25,0:02:20
Explosion/Explosion041_x264.mp4,0:00:00,0:01:28
Explosion/Explosion042_x264.mp4,0:00:00,0:00:40
Explosion/Explosion043_x264.mp4,0:02:27,0:03:00
Explosion/Explosion044_x264.mp4,0:00:00,0:00:13
Explosion/Explosion045_x264.mp4,0:00:10,0:00:25
Explosion/Explosion046_x264.mp4,0:08:00,0:22:10
Explosion/Explosion047_x264.mp4,0:00:30,0:00:45
Explosion/Explosion048_x264.mp4,0:00:00,0:00:15
Explosion/Explosion050_x264.mp4,0:00:00,0:00:09
Explosion/Explosion051_x264.mp4,0:00:20,0:01:32
Explosion/Explosion052_x264.mp4,0:00:25,0:01:50
Fighting/Fighting002_x264.mp4,0:00:12,0:00:28
Fighting/Fighting003_x264.mp4,0:01:01,0:01:15
Fighting/Fighting004_x264.mp4,0:00:04,0:00:18
Fighting/Fighting005_x264.mp4,0:00:35,0:00:50
Fighting/Fighting006_x264.mp4,0:00:10,0:00:24
Fighting/Fighting007_x264.mp4,0:00:02,0:00:12
Fighting/Fighting008_x264.mp4,0:01:20,0:01:40
Fighting/Fighting009_x264.mp4,0:00:51,0:01:00
Fighting/Fighting010_x264.mp4,0:01:34,0:01:44
Fighting/Fighting011_x264.mp4,0:01:06,0:01:37
Fighting/Fighting012_x264.mp4,0:00:01,0:00:14
Fighting/Fighting013_x264.mp4,0:00:01,0:00:30
Fighting/Fighting014_x264.mp4,0:01:05,0:01:15
Fighting/Fighting015_x264.mp4,0:01:20,0:01:35
Fighting/Fighting016_x264.mp4,0:00:01,0:00:30
Fighting/Fighting017_x264.mp4,0:00:15,0:00:35
Fighting/Fighting018_x264.mp4,0:00:03,0:00:12
Fighting/Fighting019_x264.mp4,0:00:20,0:00:40
Fighting/Fighting020_x264.mp4,0:00:02,0:00:25
Fighting/Fighting021_x264.mp4,0:00:48,0:01:00
Fighting/Fighting022_x264.mp4,0:01:30,0:01:50
Fighting/Fighting023_x264.mp4,0:00:08,0:00:18
Fighting/Fighting024_x264.mp4,0:00:35,0:01:12
Fighting/Fighting025_x264.mp4,0:00:18,0:00:54
Fighting/Fighting026_x264.mp4,0:00:12,0:00:24
Fighting/Fighting027_x264.mp4,0:01:08,0:01:50
Fighting/Fighting028_x264.mp4,0:00:13,0:00:56
Fighting/Fighting029_x264.mp4,0:00:27,0:00:54
Fighting/Fighting030_x264.mp4,0:00:35,0:00:55
Fighting/Fighting031_x264.mp4,0:01:03,0:01:34
Fighting/Fighting032_x264.mp4,0:00:14,0:00:43
Fighting/Fighting033_x264.mp4,0:00:18,0:00:27
Fighting/Fighting034_x264.mp4,0:01:30,0:01:43
Fighting/Fighting035_x264.mp4,0:00:14,0:00:20
Fighting/Fighting036_x264.mp4,0:00:00,0:00:25
Fighting/Fighting037_x264.mp4,0:01:28,0:01:43
Fighting/Fighting038_x264.mp4,0:00:09,0:00:26
Fighting/Fighting039_x264.mp4,0:00:25,0:00:35
Fighting/Fighting040_x264.mp4,0:00:22,0:00:50
Fighting/Fighting041_x264.mp4,0:10:18,0:10:40
Fighting/Fighting042_x264.mp4,0:00:10,0:00:40
Fighting/Fighting043_x264.mp4,0:00:01,0:00:20
Fighting/Fighting044_x264.mp4,0:00:10,0:00:38
Fighting/Fighting045_x264.mp4,0:00:25,0:01:15
Fighting/Fighting046_x264.mp4,0:00:28,0:00:43
Fighting/Fighting047_x264.mp4,0:00:02,0:01:00
Fighting/Fighting048_x264.mp4,0:01:10,0:01:54
Fighting/Fighting049_x264.mp4,0:00:04,0:00:30
Fighting/Fighting050_x264.mp4,0:06:35,0:07:30
Fighting/Fighting051_x264.mp4,0:00:40,0:01:00
RoadAccidents/RoadAccidents001_x264.mp4,0:00:06,0:00:16
RoadAccidents/RoadAccidents002_x264.mp4,0:00:02,0:00:11
RoadAccidents/RoadAccidents003_x264.mp4,0:00:03,0:00:13
RoadAccidents/RoadAccidents004_x264.mp4,0:00:03,0:00:13
RoadAccidents/RoadAccidents005_x264.mp4,0:00:00,0:00:07
RoadAccidents/RoadAccidents006_x264.mp4,0:00:00,0:00:10
RoadAccidents/RoadAccidents007_x264.mp4,0:00:07,0:00:17
RoadAccidents/RoadAccidents008_x264.mp4,0:00:05,0:00:15
RoadAccidents/RoadAccidents009_x264.mp4,0:00:06,0:00:16
RoadAccidents/RoadAccidents010_x264.mp4,0:00:03,0:00:13
RoadAccidents/RoadAccidents011_x264.mp4,0:00:06,0:00:16
RoadAccidents/RoadAccidents012_x264.mp4,0:00:06,0:00:16
RoadAccidents/RoadAccidents013_x264.mp4,0:00:09,0:00:19
RoadAccidents/RoadAccidents014_x264.mp4,0:00:05,0:00:15
RoadAccidents/RoadAccidents015_x264.mp4,0:00:19,0:00:29
RoadAccidents/RoadAccidents016_x264.mp4,0:00:15,0:00:25
RoadAccidents/RoadAccidents017_x264.mp4,0:00:00,0:00:08
RoadAccidents/RoadAccidents018_x264.mp4,0:00:10,0:00:20
RoadAccidents/RoadAccidents019_x264.mp4,0:00:23,0:00:33
RoadAccidents/RoadAccidents020_x264.mp4,0:00:17,0:00:27
RoadAccidents/RoadAccidents021_x264.mp4,0:00:00,0:00:05
RoadAccidents/RoadAccidents022_x264.mp4,0:00:03,0:00:13
RoadAccidents/RoadAccidents023_x264.mp4,0:00:34,0:00:44
RoadAccidents/RoadAccidents024_x264.mp4,0:00:05,0:00:15
RoadAccidents/RoadAccidents025_x264.mp4,0:00:10,0:00:20
RoadAccidents/RoadAccidents026_x264.mp4,0:00:00,0:00:10
RoadAccidents/RoadAccidents027_x264.mp4,0:00:00,0:00:03
RoadAccidents/RoadAccidents028_x264.mp4,0:00:04,0:00:14
RoadAccidents/RoadAccidents029_x264.mp4,0:00:00,0:00:10
RoadAccidents/RoadAccidents030_x264.mp4,0:00:33,0:00:43
RoadAccidents/RoadAccidents031_x264.mp4,0:00:00,0:00:10
RoadAccidents/RoadAccidents032_x264.mp4,0:00:13,0:00:23
RoadAccidents/RoadAccidents033_x264.mp4,0:00:06,0:00:16
RoadAccidents/RoadAccidents034_x264.mp4,0:00:05,0:00:15
RoadAccidents/RoadAccidents035_x264.mp4,0:00:00,0:00:09
RoadAccidents/RoadAccidents036_x264.mp4,0:00:02,0:00:12
RoadAccidents/RoadAccidents037_x264.mp4,0:00:22,0:00:32
RoadAccidents/RoadAccidents038_x264.mp4,0:00:00,0:00:10
RoadAccidents/RoadAccidents039_x264.mp4,0:00:01,0:00:11
RoadAccidents/RoadAccidents040_x264.mp4,0:00:12,0:00:22
RoadAccidents/RoadAccidents041_x264.mp4,0:00:00,0:00:08
RoadAccidents/RoadAccidents042_x264.mp4,0:00:09,0:00:19
RoadAccidents/RoadAccidents043_x264.mp4,0:00:00,0:00:06
RoadAccidents/RoadAccidents044_x264.mp4,0:00:02,0:00:12
RoadAccidents/RoadAccidents046_x264.mp4,0:00:05,0:00:15
RoadAccidents/RoadAccidents047_x264.mp4,0:00:03,0:00:13
RoadAccidents/RoadAccidents048_x264.mp4,0:00:06,0:00:16
RoadAccidents/RoadAccidents049_x264.mp4,0:00:10,0:00:20
RoadAccidents/RoadAccidents050_x264.mp4,0:00:07,0:00:17
RoadAccidents/RoadAccidents051_x264.mp4,0:00:03,0:00:13
RoadAccidents/RoadAccidents052_x264.mp4,0:00:02,0:00:12
RoadAccidents/RoadAccidents053_x264.mp4,0:00:13,0:00:23
RoadAccidents/RoadAccidents054_x264.mp4,0:00:14,0:00:24
RoadAccidents/RoadAccidents055_x264.mp4,0:00:09,0:00:19
RoadAccidents/RoadAccidents056_x264.mp4,0:00:08,0:00:18
RoadAccidents/RoadAccidents057_x264.mp4,0:00:13,0:00:23
RoadAccidents/RoadAccidents058_x264.mp4,0:00:08,0:00:18
RoadAccidents/RoadAccidents059_x264.mp4,0:00:04,0:00:14
RoadAccidents/RoadAccidents060_x264.mp4,0:00:05,0:00:15
RoadAccidents/RoadAccidents061_x264.mp4,0:00:08,0:00:18
RoadAccidents/RoadAccidents062_x264.mp4,0:00:00,0:00:10
RoadAccidents/RoadAccidents063_x264.mp4,0:00:35,0:00:45
RoadAccidents/RoadAccidents064_x264.mp4,0:00:11,0:00:21
RoadAccidents/RoadAccidents065_x264.mp4,0:00:00,0:00:04
RoadAccidents/RoadAccidents066_x264.mp4,0:00:05,0:00:15
RoadAccidents/RoadAccidents067_x264.mp4,0:00:15,0:00:25
RoadAccidents/RoadAccidents068_x264.mp4,0:00:18,0:00:28
RoadAccidents/RoadAccidents069_x264.mp4,0:00:01,0:00:11
RoadAccidents/RoadAccidents070_x264.mp4,0:00:09,0:00:19
RoadAccidents/RoadAccidents071_x264.mp4,0:00:11,0:00:21
RoadAccidents/RoadAccidents072_x264.mp4,0:00:19,0:00:29
RoadAccidents/RoadAccidents073_x264.mp4,0:00:09,0:00:19
RoadAccidents/RoadAccidents074_x264.mp4,0:00:11,0:00:21
RoadAccidents/RoadAccidents075_x264.mp4,0:00:01,0:00:11
RoadAccidents/RoadAccidents076_x264.mp4,0:00:41,0:00:51
RoadAccidents/RoadAccidents077_x264.mp4,0:00:21,0:00:31
RoadAccidents/RoadAccidents078_x264.mp4,0:00:45,0:00:55
RoadAccidents/RoadAccidents079_x264.mp4,0:00:03,0:00:13
RoadAccidents/RoadAccidents080_x264.mp4,0:00:05,0:00:15
RoadAccidents/RoadAccidents081_x264.mp4,0:00:14,0:00:24
RoadAccidents/RoadAccidents082_x264.mp4,0:00:14,0:00:24
RoadAccidents/RoadAccidents083_x264.mp4,0:00:07,0:00:17
RoadAccidents/RoadAccidents084_x264.mp4,0:00:10,0:00:20
RoadAccidents/RoadAccidents085_x264.mp4,0:00:11,0:00:21
RoadAccidents/RoadAccidents086_x264.mp4,0:00:00,0:00:10
RoadAccidents/RoadAccidents087_x264.mp4,0:00:37,0:00:47
RoadAccidents/RoadAccidents088_x264.mp4,0:00:03,0:00:13
RoadAccidents/RoadAccidents089_x264.mp4,0:00:12,0:00:22
RoadAccidents/RoadAccidents090_x264.mp4,0:00:07,0:00:17
RoadAccidents/RoadAccidents091_x264.mp4,0:00:14,0:00:24
RoadAccidents/RoadAccidents092_x264.mp4,0:00:02,0:00:12
RoadAccidents/RoadAccidents093_x264.mp4,0:00:06,0:00:16
RoadAccidents/RoadAccidents094_x264.mp4,0:00:03,0:00:13
RoadAccidents/RoadAccidents095_x264.mp4,0:00:09,0:00:19
RoadAccidents/RoadAccidents096_x264.mp4,0:00:04,0:00:14
RoadAccidents/RoadAccidents097_x264.mp4,0:00:19,0:00:29
RoadAccidents/RoadAccidents098_x264.mp4,0:00:19,0:00:29
RoadAccidents/RoadAccidents099_x264.mp4,0:00:14,0:00:24
RoadAccidents/RoadAccidents100_x264.mp4,0:00:00,0:00:10
RoadAccidents/RoadAccidents101_x264.mp4,0:00:00,0:00:09
RoadAccidents/RoadAccidents102_x264.mp4,0:00:02,0:00:12
RoadAccidents/RoadAccidents103_x264.mp4,0:00:01,0:00:11
RoadAccidents/RoadAccidents104_x264.mp4,0:00:00,0:00:10
RoadAccidents/RoadAccidents105_x264.mp4,0:00:06,0:00:16
RoadAccidents/RoadAccidents106_x264.mp4,0:00:10,0:00:20
RoadAccidents/RoadAccidents107_x264.mp4,0:00:06,0:00:16
RoadAccidents/RoadAccidents108_x264.mp4,0:00:29,0:00:39
RoadAccidents/RoadAccidents109_x264.mp4,0:00:00,0:00:10
RoadAccidents/RoadAccidents110_x264.mp4,0:00:02,0:00:12
RoadAccidents/RoadAccidents111_x264.mp4,0:00:14,0:00:24
RoadAccidents/RoadAccidents112_x264.mp4,0:00:08,0:00:18
RoadAccidents/RoadAccidents113_x264.mp4,0:00:16,0:00:26
RoadAccidents/RoadAccidents114_x264.mp4,0:00:15,0:00:25
RoadAccidents/RoadAccidents115_x264.mp4,0:00:04,0:00:14
RoadAccidents/RoadAccidents116_x264.mp4,0:00:09,0:00:19
RoadAccidents/RoadAccidents117_x264.mp4,0:00:09,0:00:19
RoadAccidents/RoadAccidents118_x264.mp4,0:00:06,0:00:16
RoadAccidents/RoadAccidents119_x264.mp4,0:00:13,0:00:23
RoadAccidents/RoadAccidents120_x264.mp4,0:00:03,0:00:13
RoadAccidents/RoadAccidents121_x264.mp4,0:00:09,0:00:19
RoadAccidents/RoadAccidents122_x264.mp4,0:00:09,0:00:19
RoadAccidents/RoadAccidents123_x264.mp4,0:00:04,0:00:14
RoadAccidents/RoadAccidents124_x264.mp4,0:00:05,0:00:15
RoadAccidents/RoadAccidents125_x264.mp4,0:00:14,0:00:24
RoadAccidents/RoadAccidents126_x264.mp4,0:00:14,0:00:24
RoadAccidents/RoadAccidents127_x264.mp4,0:01:08,0:01:18
RoadAccidents/RoadAccidents128_x264.mp4,0:00:04,0:00:14
RoadAccidents/RoadAccidents129_x264.mp4,0:00:00,0:00:08
RoadAccidents/RoadAccidents130_x264.mp4,0:00:02,0:00:12
RoadAccidents/RoadAccidents131_x264.mp4,0:00:04,0:00:14
RoadAccidents/RoadAccidents132_x264.mp4,0:00:07,0:00:17
RoadAccidents/RoadAccidents133_x264.mp4,0:00:09,0:00:19
RoadAccidents/RoadAccidents134_x264.mp4,0:00:00,0:00:09
RoadAccidents/RoadAccidents135_x264.mp4,0:00:07,0:00:17
RoadAccidents/RoadAccidents136_x264.mp4,0:00:02,0:00:12
RoadAccidents/RoadAccidents137_x264.mp4,0:00:11,0:00:21
RoadAccidents/RoadAccidents138_x264.mp4,0:00:09,0:00:19
RoadAccidents/RoadAccidents139_x264.mp4,0:00:49,0:00:59
RoadAccidents/RoadAccidents140_x264.mp4,0:00:13,0:00:23
RoadAccidents/RoadAccidents141_x264.mp4,0:00:04,0:00:14
RoadAccidents/RoadAccidents142_x264.mp4,0:01:37,0:01:47
RoadAccidents/RoadAccidents143_x264.mp4,0:00:07,0:00:17
RoadAccidents/RoadAccidents144_x264.mp4,0:00:04,0:00:14
RoadAccidents/RoadAccidents145_x264.mp4,0:00:11,0:00:21
RoadAccidents/RoadAccidents146_x264.mp4,0:00:13,0:00:23
RoadAccidents/RoadAccidents147_x264.mp4,0:01:20,0:01:30
RoadAccidents/RoadAccidents148_x264.mp4,0:03:53,0:04:03
RoadAccidents/RoadAccidents149_x264.mp4,0:00:03,0:00:13
RoadAccidents/RoadAccidents150_x264.mp4,0:00:22,0:00:32
RoadAccidents/RoadAccidents151_x264.mp4,0:00:01,0:00:11
Robbery/Robbery001_x264.mp4,0:00:19,0:00:26
Robbery/Robbery002_x264.mp4,0:00:09,0:00:45
Robbery/Robbery003_x264.mp4,0:00:09,0:00:33
Robbery/Robbery004_x264.mp4,0:00:07,0:00:36
Robbery/Robbery005_x264.mp4,0:00:10,0:00:27
Robbery/Robbery006_x264.mp4,0:00:11,0:01:30
Robbery/Robbery007_x264.mp4,0:00:12,0:00:57
Robbery/Robbery008_x264.mp4,0:00:10,0:01:12
Robbery/Robbery009_x264.mp4,0:00:36,0:01:35
Robbery/Robbery010_x264.mp4,0:00:35,0:01:22
Robbery/Robbery011_x264.mp4,0:00:12,0:00:52
Robbery/Robbery012_x264.mp4,0:00:11,0:00:23
Robbery/Robbery013_x264.mp4,0:00:03,0:01:56
Robbery/Robbery014_x264.mp4,0:02:07,0:03:45
Robbery/Robbery015_x264.mp4,0:00:03,0:01:21
Robbery/Robbery016_x264.mp4,0:00:27,0:00:42
Robbery/Robbery017_x264.mp4,0:00:42,0:01:55
Robbery/Robbery018_x264.mp4,0:00:07,0:01:33
Robbery/Robbery019_x264.mp4,0:00:10,0:03:12
Robbery/Robbery020_x264.mp4,0:00:47,0:01:25
Robbery/Robbery021_x264.mp4,0:00:06,0:04:06
Robbery/Robbery022_x264.mp4,0:00:10,0:01:50
Robbery/Robbery023_x264.mp4,0:00:06,0:00:31
Robbery/Robbery024_x264.mp4,0:00:03,0:01:20
Robbery/Robbery025_x264.mp4,0:00:05,0:00:47
Robbery/Robbery026_x264.mp4,0:02:20,0:03:20
Robbery/Robbery027_x264.mp4,0:00:26,0:02:50
Robbery/Robbery028_x264.mp4,0:00:06,0:00:45
Robbery/Robbery029_x264.mp4,0:00:30,0:01:00
Robbery/Robbery030_x264.mp4,0:00:10,0:01:38
Robbery/Robbery031_x264.mp4,0:00:12,0:00:30
Robbery/Robbery032_x264.mp4,0:00:34,0:00:47
Robbery/Robbery033_x264.mp4,0:00:03,0:00:30
Robbery/Robbery034_x264.mp4,0:00:11,0:03:10
Robbery/Robbery035_x264.mp4,0:01:40,0:02:30
Robbery/Robbery036_x264.mp4,0:00:10,0:00:50
Robbery/Robbery037_x264.mp4,0:03:03,0:03:30
Robbery/Robbery038_x264.mp4,0:00:12,0:00:53
Robbery/Robbery039_x264.mp4,0:00:01,0:00:17
Robbery/Robbery040_x264.mp4,0:00:22,0:00:37
Robbery/Robbery041_x264.mp4,0:00:03,0:00:44
Robbery/Robbery042_x264.mp4,0:00:40,0:01:10
Robbery/Robbery043_x264.mp4,0:00:03,0:00:34
Robbery/Robbery044_x264.mp4,0:00:05,0:00:16
Robbery/Robbery045_x264.mp4,0:00:40,0:01:10
Robbery/Robbery046_x264.mp4,0:00:03,0:00:16
Robbery/Robbery047_x264.mp4,0:00:03,0:00:46
Robbery/Robbery048_x264.mp4,0:00:16,0:00:31
Robbery/Robbery049_x264.mp4,0:00:24,0:01:06
Robbery/Robbery050_x264.mp4,0:00:16,0:00:50
Robbery/Robbery051_x264.mp4,0:00:07,0:00:52
Robbery/Robbery052_x264.mp4,0:00:57,0:01:59
Robbery/Robbery053_x264.mp4,0:00:20,0:00:37
Robbery/Robbery054_x264.mp4,0:00:45,0:01:06
Robbery/Robbery055_x264.mp4,0:00:15,0:03:07
Robbery/Robbery056_x264.mp4,0:00:03,0:01:30
Robbery/Robbery057_x264.mp4,0:00:35,0:01:10
Robbery/Robbery058_x264.mp4,0:00:07,0:00:52
Robbery/Robbery059_x264.mp4,0:00:10,0:05:20
Robbery/Robbery060_x264.mp4,0:00:05,0:01:05
Robbery/Robbery061_x264.mp4,0:00:20,0:01:35
Robbery/Robbery062_x264.mp4,0:00:09,0:00:57
Robbery/Robbery063_x264.mp4,0:00:19,0:00:44
Robbery/Robbery064_x264.mp4,0:00:20,0:00:45
Robbery/Robbery065_x264.mp4,0:00:08,0:01:04
Robbery/Robbery066_x264.mp4,0:00:10,0:02:35
Robbery/Robbery067_x264.mp4,0:00:26,0:01:23
Robbery/Robbery068_x264.mp4,0:00:00,0:00:13
Robbery/Robbery069_x264.mp4,0:00:04,0:00:20
Robbery/Robbery070_x264.mp4,0:00:00,0:00:20
Robbery/Robbery071_x264.mp4,0:00:10,0:00:42
Robbery/Robbery072_x264.mp4,0:00:09,0:00:35
Robbery/Robbery073_x264.mp4,0:02:08,0:04:00
Robbery/Robbery074_x264.mp4,0:00:06,0:00:17
Robbery/Robbery075_x264.mp4,0:00:06,0:01:26
Robbery/Robbery076_x264.mp4,0:00:17,0:00:26
Robbery/Robbery077_x264.mp4,0:00:00,0:00:00
Robbery/Robbery078_x264.mp4,0:00:10,0:00:59
Robbery/Robbery079_x264.mp4,0:00:07,0:00:25
Robbery/Robbery080_x264.mp4,0:00:10,0:00:52
Robbery/Robbery081_x264.mp4,0:00:00,0:02:00
Robbery/Robbery082_x264.mp4,0:00:00,0:00:52
Robbery/Robbery083_x264.mp4,0:00:04,0:00:32
Robbery/Robbery084_x264.mp4,0:00:07,0:01:39
Robbery/Robbery085_x264.mp4,0:00:00,0:01:03
Robbery/Robbery086_x264.mp4,0:01:00,0:01:36
Robbery/Robbery087_x264.mp4,0:00:00,0:00:33
Robbery/Robbery088_x264.mp4,0:00:12,0:02:20
Robbery/Robbery089_x264.mp4,0:00:00,0:00:09
Robbery/Robbery090_x264.mp4,0:00:27,0:01:13
Robbery/Robbery091_x264.mp4,0:00:09,0:01:00
Robbery/Robbery092_x264.mp4,0:00:07,0:00:14
Robbery/Robbery093_x264.mp4,0:00:12,0:00:29
Robbery/Robbery094_x264.mp4,0:00:05,0:00:32
Robbery/Robbery095_x264.mp4,0:00:09,0:00:38
Robbery/Robbery096_x264.mp4,0:01:20,0:01:54
Robbery/Robbery097_x264.mp4,0:01:03,0:01:32
Robbery/Robbery098_x264.mp4,0:00:20,0:00:50
Robbery/Robbery099_x264.mp4,0:00:06,0:00:36
Robbery/Robbery100_x264.mp4,0:00:32,0:02:20
Robbery/Robbery101_x264.mp4,0:00:40,0:01:12
Robbery/Robbery102_x264.mp4,0:00:37,0:00:55
Robbery/Robbery103_x264.mp4,0:00:20,0:00:57
Robbery/Robbery104_x264.mp4,0:00:22,0:00:44
Robbery/Robbery105_x264.mp4,0:00:20,0:00:42
Robbery/Robbery106_x264.mp4,0:00:16,0:00:26
Robbery/Robbery107_x264.mp4,0:00:24,0:00:37
Robbery/Robbery108_x264.mp4,0:00:10,0:00:44
Robbery/Robbery109_x264.mp4,0:00:03,0:01:22
Robbery/Robbery110_x264.mp4,0:01:06,0:01:15
Robbery/Robbery111_x264.mp4,0:00:34,0:03:02
Robbery/Robbery112_x264.mp4,0:00:21,0:00:37
Robbery/Robbery113_x264.mp4,0:00:04,0:00:17
Robbery/Robbery114_x264.mp4,0:00:20,0:00:52
Robbery/Robbery115_x264.mp4,0:00:04,0:00:54
Robbery/Robbery116_x264.mp4,0:00:05,0:00:15
Robbery/Robbery117_x264.mp4,0:00:14,0:01:52
Robbery/Robbery118_x264.mp4,0:00:03,0:00:42
Robbery/Robbery119_x264.mp4,0:00:10,0:00:55
Robbery/Robbery120_x264.mp4,0:00:08,0:00:27
Robbery/Robbery121_x264.mp4,0:00:32,0:00:44
Robbery/Robbery122_x264.mp4,0:00:10,0:00:32
Robbery/Robbery123_x264.mp4,0:00:06,0:00:26
Robbery/Robbery124_x264.mp4,0:01:02,0:05:15
Robbery/Robbery125_x264.mp4,0:02:28,0:03:02
Robbery/Robbery126_x264.mp4,0:00:17,0:00:37
Robbery/Robbery127_x264.mp4,0:00:02,0:00:32
Robbery/Robbery128_x264.mp4,0:00:12,0:02:45
Robbery/Robbery129_x264.mp4,0:00:03,0:01:02
Robbery/Robbery130_x264.mp4,0:00:03,0:00:57
Robbery/Robbery131_x264.mp4,0:00:22,0:00:47
Robbery/Robbery132_x264.mp4,0:00:07,0:00:21
Robbery/Robbery133_x264.mp4,0:00:10,0:00:48
Robbery/Robbery134_x264.mp4,0:00:10,0:00:21
Robbery/Robbery135_x264.mp4,0:00:11,0:00:45
Robbery/Robbery136_x264.mp4,0:00:08,0:00:37
Robbery/Robbery137_x264.mp4,0:00:05,0:01:05
Robbery/Robbery138_x264.mp4,0:00:02,0:00:20
Robbery/Robbery139_x264.mp4,0:00:10,0:00:32
Robbery/Robbery140_x264.mp4,0:00:16,0:00:36
Robbery/Robbery141_x264.mp4,0:00:17,0:01:22
Robbery/Robbery142_x264.mp4,0:00:26,0:01:22
Robbery/Robbery143_x264.mp4,0:00:08,0:00:25
Robbery/Robbery144_x264.mp4,0:00:21,0:00:27
Robbery/Robbery145_x264.mp4,0:00:03,0:00:43
Robbery/Robbery146_x264.mp4,0:00:03,0:00:45
Robbery/Robbery147_x264.mp4,0:00:05,0:00:25
Robbery/Robbery148_x264.mp4,0:00:10,0:00:15
Robbery/Robbery149_x264.mp4,0:00:03,0:00:37
Robbery/Robbery150_x264.mp4,0:01:23,0:01:58
Shooting/Shooting001_x264.mp4,0:00:03,0:00:08
Shooting/Shooting002_x264.mp4,0:00:30,0:00:35
Shooting/Shooting003_x264.mp4,0:00:20,0:00:29
Shooting/Shooting004_x264.mp4,0:00:15,0:00:25
Shooting/Shooting005_x264.mp4,0:00:26,0:00:30
Shooting/Shooting006_x264.mp4,0:00:23,0:00:33
Shooting/Shooting007_x264.mp4,0:00:00,0:00:10
Shooting/Shooting008_x264.mp4,0:00:03,0:00:10
Shooting/Shooting009_x264.mp4,0:02:15,0:02:20
Shooting/Shooting010_x264.mp4,0:00:35,0:00:45
Shooting/Shooting011_x264.mp4,0:00:45,0:00:55
Shooting/Shooting012_x264.mp4,0:00:45,0:00:50
Shooting/Shooting013_x264.mp4,0:00:28,0:00:32
Shooting/Shooting014_x264.mp4,0:03:08,0:03:13
Shooting/Shooting015_x264.mp4,0:00:45,0:00:50
Shooting/Shooting017_x264.mp4,0:00:18,0:00:22
Shooting/Shooting018_x264.mp4,0:00:13,0:00:18
Shooting/Shooting019_x264.mp4,0:00:30,0:00:40
Shooting/Shooting020_x264.mp4,0:02:00,0:02:10
Shooting/Shooting021_x264.mp4,0:00:13,0:00:23
Shooting/Shooting022_x264.mp4,0:01:30,0:01:40
Shooting/Shooting023_x264.mp4,0:00:05,0:00:12
Shooting/Shooting024_x264.mp4,0:00:22,0:00:30
Shooting/Shooting025_x264.mp4,0:00:35,0:00:45
Shooting/Shooting026_x264.mp4,0:00:10,0:00:20
Shooting/Shooting027_x264.mp4,0:00:01,0:00:10
Shooting/Shooting028_x264.mp4,0:00:08,0:00:13
Shooting/Shooting029_x264.mp4,0:00:17,0:00:23
Shooting/Shooting030_x264.mp4,0:00:23,0:00:30
Shooting/Shooting031_x264.mp4,0:00:40,0:00:50
Shooting/Shooting032_x264.mp4,0:04:28,0:04:32
Shooting/Shooting033_x264.mp4,0:01:02,0:01:10
Shooting/Shooting034_x264.mp4,0:00:30,0:00:35
Shooting/Shooting036_x264.mp4,0:00:08,0:00:12
Shooting/Shooting037_x264.mp4,0:00:06,0:00:10
Shooting/Shooting038_x264.mp4,0:00:10,0:00:20
Shooting/Shooting039_x264.mp4,0:00:20,0:00:27
Shooting/Shooting040_x264.mp4,0:00:00,0:00:10
Shooting/Shooting041_x264.mp4,0:00:20,0:00:26
Shooting/Shooting042_x264.mp4,0:00:35,0:00:42
Shooting/Shooting043_x264.mp4,0:00:30,0:00:40
Shooting/Shooting044_x264.mp4,0:00:05,0:00:10
Shooting/Shooting046_x264.mp4,0:02:13,0:02:21
Shooting/Shooting047_x264.mp4,0:01:20,0:01:30
Shooting/Shooting048_x264.mp4,0:00:45,0:00:55
Shooting/Shooting050_x264.mp4,0:00:50,0:01:00
Shooting/Shooting051_x264.mp4,0:00:10,0:00:20
Shooting/Shooting052_x264.mp4,0:01:00,0:01:10
Shooting/Shooting053_x264.mp4,0:00:15,0:00:25
Shooting/Shooting054_x264.mp4,0:00:03,0:00:10
Shoplifting/Shoplifting001_x264.mp4,0:00:40,0:01:20
Shoplifting/Shoplifting003_x264.mp4,0:03:54,0:05:54
Shoplifting/Shoplifting004_x264.mp4,0:03:00,0:03:40
Shoplifting/Shoplifting005_x264.mp4,0:00:26,0:01:03
Shoplifting/Shoplifting006_x264.mp4,0:00:57,0:01:20
Shoplifting/Shoplifting007_x264.mp4,0:00:18,0:00:40
Shoplifting/Shoplifting008_x264.mp4,0:02:40,0:03:40
Shoplifting/Shoplifting009_x264.mp4,0:02:00,0:02:53
Shoplifting/Shoplifting010_x264.mp4,0:00:24,0:01:30
Shoplifting/Shoplifting012_x264.mp4,0:04:25,0:07:40
Shoplifting/Shoplifting013_x264.mp4,0:00:20,0:01:00
Shoplifting/Shoplifting014_x264.mp4,0:00:40,0:03:40
Shoplifting/Shoplifting015_x264.mp4,0:01:05,0:01:15
Shoplifting/Shoplifting016_x264.mp4,0:00:20,0:00:40
Shoplifting/Shoplifting017_x264.mp4,0:00:10,0:00:15
Shoplifting/Shoplifting018_x264.mp4,0:00:14,0:01:00
Shoplifting/Shoplifting019_x264.mp4,0:00:08,0:00:17
Shoplifting/Shoplifting020_x264.mp4,0:01:10,0:02:40
Shoplifting/Shoplifting021_x264.mp4,0:01:10,0:01:50
Shoplifting/Shoplifting022_x264.mp4,0:00:28,0:01:05
Shoplifting/Shoplifting024_x264.mp4,0:00:28,0:00:40
Shoplifting/Shoplifting025_x264.mp4,0:00:12,0:00:58
Shoplifting/Shoplifting026_x264.mp4,0:00:08,0:00:45
Shoplifting/Shoplifting027_x264.mp4,0:00:28,0:00:48
Shoplifting/Shoplifting028_x264.mp4,0:00:20,0:00:38
Shoplifting/Shoplifting029_x264.mp4,0:00:28,0:01:01
Shoplifting/Shoplifting030_x264.mp4,0:02:01,0:04:28
Shoplifting/Shoplifting031_x264.mp4,0:00:05,0:00:15
Shoplifting/Shoplifting032_x264.mp4,0:00:28,0:00:41
Shoplifting/Shoplifting033_x264.mp4,0:00:08,0:00:25
Shoplifting/Shoplifting034_x264.mp4,0:02:12,0:05:28
Shoplifting/Shoplifting036_x264.mp4,0:01:22,0:01:54
Shoplifting/Shoplifting037_x264.mp4,0:00:34,0:00:45
Shoplifting/Shoplifting038_x264.mp4,0:01:20,0:01:37
Shoplifting/Shoplifting039_x264.mp4,0:01:12,0:01:28
Shoplifting/Shoplifting040_x264.mp4,0:00:48,0:03:28
Shoplifting/Shoplifting041_x264.mp4,0:00:28,0:04:28
Shoplifting/Shoplifting042_x264.mp4,0:01:08,0:02:00
Shoplifting/Shoplifting043_x264.mp4,0:00:28,0:00:48
Shoplifting/Shoplifting044_x264.mp4,0:01:04,0:04:28
Shoplifting/Shoplifting045_x264.mp4,0:00:05,0:00:55
Shoplifting/Shoplifting047_x264.mp4,0:00:28,0:01:18
Shoplifting/Shoplifting048_x264.mp4,0:00:02,0:00:48
Shoplifting/Shoplifting049_x264.mp4,0:00:29,0:01:08
Shoplifting/Shoplifting050_x264.mp4,0:00:05,0:01:15
Shoplifting/Shoplifting051_x264.mp4,0:02:36,0:03:01
Shoplifting/Shoplifting052_x264.mp4,0:00:20,0:02:28
Shoplifting/Shoplifting053_x264.mp4,0:00:40,0:01:10
Shoplifting/Shoplifting054_x264.mp4,0:00:20,0:00:28
Shoplifting/Shoplifting055_x264.mp4,0:00:40,0:01:44
Vandalism/Vandalism001_x264.mp4,0:00:25,0:00:47
Vandalism/Vandalism002_x264.mp4,0:00:30,0:00:40
Vandalism/Vandalism003_x264.mp4,0:00:10,0:00:25
Vandalism/Vandalism004_x264.mp4,0:00:35,0:00:50
Vandalism/Vandalism005_x264.mp4,0:00:20,0:00:30
Vandalism/Vandalism006_x264.mp4,0:00:00,0:00:17
Vandalism/Vandalism007_x264.mp4,0:00:13,0:00:30
Vandalism/Vandalism008_x264.mp4,0:01:40,0:01:55
Vandalism/Vandalism009_x264.mp4,0:00:15,0:00:30
Vandalism/Vandalism010_x264.mp4,0:01:10,0:01:20
Vandalism/Vandalism011_x264.mp4,0:00:34,0:00:44
Vandalism/Vandalism012_x264.mp4,0:00:12,0:00:22
Vandalism/Vandalism013_x264.mp4,0:01:00,0:01:20
Vandalism/Vandalism014_x264.mp4,0:00:02,0:00:12
Vandalism/Vandalism015_x264.mp4,0:01:05,0:01:30
Vandalism/Vandalism016_x264.mp4,0:02:50,0:03:10
Vandalism/Vandalism017_x264.mp4,0:00:08,0:00:18
Vandalism/Vandalism018_x264.mp4,0:01:30,0:01:50
Vandalism/Vandalism019_x264.mp4,0:00:25,0:00:35
Vandalism/Vandalism020_x264.mp4,0:00:15,0:00:25
Vandalism/Vandalism021_x264.mp4,0:00:00,0:00:20
Vandalism/Vandalism022_x264.mp4,0:00:05,0:00:25
Vandalism/Vandalism023_x264.mp4,0:02:50,0:03:10
Vandalism/Vandalism024_x264.mp4,0:00:25,0:00:35
Vandalism/Vandalism025_x264.mp4,0:00:15,0:00:35
Vandalism/Vandalism026_x264.mp4,0:00:13,0:00:23
Vandalism/Vandalism027_x264.mp4,0:00:05,0:00:15
Vandalism/Vandalism028_x264.mp4,0:01:10,0:01:30
Vandalism/Vandalism029_x264.mp4,0:00:00,0:00:10
Vandalism/Vandalism030_x264.mp4,0:00:10,0:00:30
Vandalism/Vandalism031_x264.mp4,0:00:10,0:00:30
Vandalism/Vandalism032_x264.mp4,0:00:05,0:00:10
Vandalism/Vandalism033_x264.mp4,0:00:10,0:00:30
Vandalism/Vandalism034_x264.mp4,0:00:35,0:00:55
Vandalism/Vandalism035_x264.mp4,0:00:07,0:00:17
Vandalism/Vandalism036_x264.mp4,0:00:15,0:00:25
Vandalism/Vandalism037_x264.mp4,0:00:10,0:00:30
Vandalism/Vandalism038_x264.mp4,0:00:12,0:00:32
Vandalism/Vandalism039_x264.mp4,0:00:15,0:00:25
Vandalism/Vandalism040_x264.mp4,0:00:01,0:00:10
Vandalism/Vandalism041_x264.mp4,0:00:15,0:00:35
Vandalism/Vandalism042_x264.mp4,0:01:05,0:01:25
Vandalism/Vandalism043_x264.mp4,0:00:00,0:00:20
Vandalism/Vandalism044_x264.mp4,0:00:05,0:00:25
Vandalism/Vandalism045_x264.mp4,0:00:28,0:00:48
Vandalism/Vandalism046_x264.mp4,0:00:25,0:00:35
Vandalism/Vandalism047_x264.mp4,0:00:30,0:00:40
Vandalism/Vandalism048_x264.mp4,0:01:40,0:02:00
Vandalism/Vandalism049_x264.mp4,0:00:01,0:00:20
Vandalism/Vandalism050_x264.mp4,0:00:01,0:00:20